Номер теста;Задержка сигнала (мкс);СРЕДНЯЯ задержка сигнала (мкс)
1;227;227
2;202;214
3;198;209
4;192;204
5;213;206
6;215;207
7;202;207
8;201;206
9;222;208
10;188;206
11;211;206
12;207;206
13;198;205
14;198;205
15;221;206
16;184;204
17;208;205
18;207;205
19;199;204
20;200;204
21;218;205
22;187;204
23;224;205
24;207;205
25;169;203
26;211;204
27;223;204
28;189;204
29;215;204
30;213;204
31;203;204
32;185;204
33;235;205
34;192;204
35;216;205
36;211;205
37;201;205
38;201;205
39;195;204
40;193;204
41;215;204
42;212;204
43;197;204
44;190;204
45;181;203
46;189;203
47;202;203
48;196;203
49;191;203
50;200;203
51;178;202
52;183;202
53;208;202
54;175;201
55;196;201
56;222;202
57;199;202
58;200;201
59;223;202
60;194;202
61;216;202
62;181;202
63;205;202
64;206;202
65;199;202
66;198;202
67;221;202
68;185;202
69;209;202
70;210;202
71;199;202
72;199;202
73;221;202
74;174;202
75;213;202
76;207;202
77;201;202
78;198;202
79;218;202
80;191;202
81;213;202
82;180;202
83;201;202
84;206;202
85;193;202
86;196;202
87;218;202
88;183;201
89;204;201
90;206;202
91;196;201
92;194;201
93;215;202
94;180;201
95;226;202
96;209;202
97;199;202
98;198;202
99;220;202
100;184;202
101;208;202
102;206;202
103;198;202
104;200;202
105;218;202
106;191;202
107;211;202
108;214;202
109;202;202
110;204;202
111;223;202
112;188;202
113;213;202
114;213;202
115;201;202
116;206;202
117;225;202
118;191;202
119;214;202
120;216;202
121;204;202
122;205;202
123;214;203
124;209;203
125;227;203
126;181;203
127;204;203
128;189;202
129;224;203
130;192;203
131;215;203
132;215;203
133;200;203
134;201;203
135;220;203
136;190;203
137;211;203
138;209;203
139;197;203
140;199;203
141;217;203
142;186;203
143;203;203
144;202;203
145;200;203
146;194;203
147;220;203
148;183;203
149;205;203
150;203;203
151;225;203
152;191;203
153;210;203
154;205;203
155;199;203
156;201;203
157;222;203
158;189;203
159;207;203
160;207;203
161;197;203
162;196;203
163;216;203
164;181;203
165;203;203
166;205;203
167;192;203
168;192;202
169;213;203
170;181;202
171;205;202
172;204;202
173;193;202
174;195;202
175;213;202
176;206;202
177;188;202
178;207;202
179;224;202
180;194;202
181;217;203
182;185;202
183;205;202
184;208;202
185;192;202
186;193;202
187;217;202
188;185;202
189;209;202
190;210;202
191;196;202
192;200;202
193;224;202
194;190;202
195;219;202
196;211;202
197;207;203
198;204;203
199;192;202
200;191;202
201;213;202
202;181;202
203;208;202
204;206;202
205;196;202
206;199;202
207;217;202
208;187;202
209;210;202
210;209;202
211;197;202
212;201;202
213;192;202
214;192;202
215;215;202
216;183;202
217;207;202
218;206;202
219;196;202
220;197;202
221;217;202
222;185;202
223;211;202
224;211;202
225;200;202
226;200;202
227;214;202
228;192;202
229;224;202
230;185;202
231;208;202
232;206;202
233;196;202
234;201;202
235;220;202
236;185;202
237;208;202
238;211;202
239;204;202
240;202;202
241;225;202
242;191;202
243;216;202
244;185;202
245;211;202
246;211;202
247;203;202
248;206;202
249;229;203
250;195;202
251;216;203
252;183;202
253;208;202
254;211;203
255;204;203
256;204;203
257;222;203
258;187;203
259;217;203
260;185;203
261;207;203
262;204;203
263;192;202
264;195;202
265;221;203
266;189;202
267;212;203
268;213;203
269;207;203
270;206;203
271;196;203
272;196;203
273;213;203
274;182;202
275;205;202
276;205;202
277;195;202
278;190;202
279;232;203
280;178;202
281;210;202
282;211;202
283;199;202
284;198;202
285;219;203
286;189;202
287;212;202
288;207;203
289;195;202
290;200;202
291;223;203
292;190;202
293;209;203
294;209;203
295;223;203
296;204;203
297;198;203
298;196;203
299;214;203
300;185;203
301;206;203
302;204;203
303;194;203
304;193;202
305;215;203
306;184;202
307;207;202
308;204;202
309;192;202
310;194;202
311;216;202
312;184;202
313;203;202
314;202;202
315;193;202
316;192;202
317;218;202
318;187;202
319;204;202
320;203;202
321;192;202
322;198;202
323;220;202
324;187;202
325;208;202
326;212;202
327;200;202
328;204;202
329;195;202
330;211;202
331;199;202
332;214;202
333;204;202
334;206;202
335;197;202
336;194;202
337;213;202
338;185;202
339;208;202
340;204;202
341;194;202
342;191;202
343;214;202
344;182;202
345;202;202
346;219;202
347;195;202
348;191;202
349;214;202
350;214;202
351;205;202
352;205;202
353;226;202
354;193;202
355;214;202
356;215;202
357;203;202
358;203;202
359;225;202
360;192;202
361;209;202
362;183;202
363;206;202
364;201;202
365;226;202
366;194;202
367;216;202
368;183;202
369;203;202
370;204;202
371;195;202
372;194;202
373;217;202
374;183;202
375;206;202
376;210;202
377;201;202
378;201;202
379;226;202
380;189;202
381;215;202
382;217;202
383;206;202
384;187;202
385;218;202
386;188;202
387;215;202
388;182;202
389;202;202
390;203;202
391;229;202
392;194;202
393;217;202
394;183;202
395;200;202
396;217;202
397;228;203
398;194;203
399;214;203
400;215;203
401;199;203
402;201;203
403;222;203
404;186;203
405;211;203
406;209;203
407;196;203
408;199;203
409;220;203
410;188;203
411;208;203
412;209;203
413;196;203
414;198;203
415;223;203
416;190;203
417;213;203
418;212;203
419;201;203
420;203;203
421;192;203
422;196;203
423;206;203
424;179;203
425;204;203
426;207;203
427;195;203
428;192;202
429;212;203
430;181;202
431;205;202
432;228;203
433;179;202
434;193;202
435;215;202
436;181;202
437;207;202
438;203;202
439;192;202
440;192;202
441;221;202
442;186;202
443;208;202
444;211;202
445;196;202
446;215;202
447;227;202
448;188;202
449;211;202
450;214;202
451;203;202
452;205;202
453;193;202
454;193;202
455;214;202
456;211;202
457;203;202
458;205;202
459;191;202
460;193;202
461;213;202
462;213;202
463;207;203
464;200;202
465;223;203
466;190;203
467;214;203
468;180;202
469;206;202
470;201;202
471;193;202
472;192;202
473;219;202
474;184;202
475;206;202
476;207;202
477;196;202
478;196;202
479;218;202
480;183;202
481;206;202
482;208;202
483;187;202
484;211;202
485;225;202
486;189;202
487;212;202
488;216;202
489;206;202
490;202;202
491;226;203
492;193;203
493;217;203
494;184;202
495;202;202
496;224;203
497;200;203
498;196;203
499;218;203
500;185;203
501;205;203
502;207;203
503;198;203
504;201;203
505;224;203
506;186;203
507;208;203
508;210;203
509;201;203
510;201;203
511;224;203
512;186;203
513;209;203
514;212;203
515;202;203
516;202;203
517;224;203
518;196;203
519;216;203
520;183;203
521;205;203
522;203;203
523;194;203
524;197;203
525;217;203
526;181;203
527;207;203
528;208;203
529;198;203
530;198;203
531;217;203
532;186;203
533;213;203
534;236;203
535;217;203
536;209;203
537;209;203
538;178;203
539;199;203
540;200;203
541;193;203
542;199;203
543;194;203
544;197;203
545;215;203
546;203;203
547;209;203
548;206;203
549;197;203
550;195;203
551;214;203
552;183;203
553;207;203
554;206;203
555;194;203
556;194;203
557;214;203
558;182;202
559;206;203
560;208;203
561;194;202
562;192;202
563;215;202
564;184;202
565;205;202
566;211;202
567;194;202
568;194;202
569;217;202
570;188;202
571;211;202
572;209;202
573;197;202
574;199;202
575;223;202
576;187;202
577;206;202
578;209;202
579;196;202
580;197;202
581;219;202
582;187;202
583;208;202
584;215;202
585;203;202
586;203;202
587;221;203
588;191;202
589;214;203
590;182;202
591;203;202
592;203;202
593;193;202
594;194;202
595;215;202
596;202;202
597;211;202
598;207;202
599;200;202
600;201;202
601;222;203
602;186;202
603;206;202
604;206;202
605;195;202
606;199;202
607;218;202
608;186;202
609;207;202
610;209;202
611;198;202
612;199;202
613;221;203
614;185;202
615;208;202
616;210;202
617;195;202
618;194;202
619;217;202
620;213;203
621;201;202
622;204;203
623;227;203
624;191;203
625;217;203
626;217;203
627;202;203
628;205;203
629;224;203
630;192;203
631;211;203
632;212;203
633;201;203
634;199;203
635;221;203
636;186;203
637;210;203
638;213;203
639;199;203
640;182;203
641;220;203
642;176;203
643;208;203
644;208;203
645;190;203
646;191;203
647;230;203
648;179;203
649;206;203
650;202;203
651;223;203
652;191;203
653;214;203
654;182;203
655;204;203
656;205;203
657;194;203
658;197;203
659;220;203
660;187;203
661;208;203
662;211;203
663;204;203
664;201;203
665;192;203
666;191;203
667;213;203
668;182;203
669;207;203
670;207;203
671;197;203
672;195;202
673;220;203
674;187;202
675;208;203
676;207;203
677;195;202
678;200;202
679;221;203
680;186;202
681;209;203
682;207;203
683;200;203
684;198;202
685;218;203
686;186;202
687;207;202
688;232;203
689;218;203
690;199;203
691;222;203
692;186;203
693;211;203
694;211;203
695;199;203
696;197;203
697;237;203
698;191;203
699;215;203
700;183;203
701;205;203
702;205;203
703;195;203
704;198;203
705;220;203
706;187;203
707;208;203
708;212;203
709;202;203
710;206;203
711;195;203
712;194;203
713;218;203
714;186;203
715;211;203
716;208;203
717;198;203
718;201;203
719;213;203
720;189;203
721;216;203
722;214;203
723;204;203
724;204;203
725;193;203
726;191;203
727;215;203
728;181;203
729;203;203
730;201;203
731;190;203
732;192;203
733;213;203
734;213;203
735;199;203
736;202;203
737;193;203
738;193;203
739;214;203
740;213;203
741;202;203
742;205;203
743;193;203
744;192;203
745;214;203
746;178;203
747;203;203
748;204;203
749;195;202
750;189;202
751;216;202
752;180;202
753;201;202
754;202;202
755;224;202
756;192;202
757;215;202
758;213;202
759;200;202
760;199;202
761;222;203
762;191;202
763;212;203
764;211;203
765;198;203
766;200;203
767;224;203
768;189;203
769;211;203
770;211;203
771;197;203
772;197;203
773;219;203
774;186;203
775;208;203
776;209;203
777;201;203
778;199;203
779;222;203
780;188;203
781;212;203
782;215;203
783;202;203
784;200;203
785;223;203
786;189;203
787;213;203
788;213;203
789;200;203
790;202;203
791;236;203
792;183;203
793;213;203
794;212;203
795;198;203
796;198;203
797;229;203
798;191;203
799;213;203
800;208;203
801;197;203
802;198;203
803;221;203
804;186;203
805;210;203
806;208;203
807;193;203
808;194;203
809;217;203
810;182;203
811;204;203
812;202;203
813;193;203
814;194;203
815;213;203
816;213;203
817;197;203
818;198;203
819;221;203
820;187;203
821;204;203
822;207;203
823;192;203
824;193;203
825;214;203
826;211;203
827;199;203
828;197;203
829;217;203
830;187;203
831;204;203
832;205;203
833;224;203
834;191;203
835;210;203
836;210;203
837;194;203
838;195;203
839;217;203
840;185;203
841;177;203
842;220;203
843;209;203
844;186;203
845;212;203
846;209;203
847;191;203
848;194;203
849;215;203
850;212;203
851;202;203
852;202;203
853;227;203
854;189;203
855;211;203
856;207;203
857;192;203
858;189;203
859;211;203
860;208;203
861;198;203
862;201;203
863;218;203
864;214;203
865;202;203
866;201;203
867;222;203
868;184;203
869;206;203
870;201;203
871;219;203
872;185;203
873;199;203
874;204;203
875;225;203
876;188;203
877;210;203
878;209;203
879;196;203
880;190;203
881;214;203
882;217;203
883;203;203
884;200;203
885;220;203
886;188;203
887;209;203
888;211;203
889;197;203
890;197;203
891;220;203
892;189;203
893;212;203
894;208;203
895;198;203
896;179;203
897;225;203
898;181;203
899;200;203
900;199;203
901;219;203
902;186;203
903;208;203
904;201;203
905;194;203
906;194;203
907;215;203
908;186;203
909;205;203
910;205;203
911;223;203
912;192;203
913;215;203
914;214;203
915;200;203
916;198;203
917;222;203
918;189;203
919;213;203
920;209;203
921;198;203
922;196;203
923;222;203
924;189;203
925;206;203
926;210;203
927;197;203
928;198;203
929;219;203
930;185;203
931;203;203
932;206;203
933;200;203
934;198;203
935;217;203
936;183;203
937;208;203
938;208;203
939;199;203
940;196;203
941;218;203
942;184;203
943;205;203
944;203;203
945;200;203
946;195;203
947;213;203
948;200;203
949;212;203
950;209;203
951;195;203
952;196;203
953;215;203
954;183;203
955;207;203
956;203;203
957;194;203
958;193;203
959;219;203
960;185;203
961;206;203
962;206;203
963;192;203
964;194;203
965;214;203
966;184;203
967;203;203
968;201;203
969;222;203
970;191;203
971;212;203
972;214;203
973;198;203
974;198;203
975;240;203
976;185;203
977;208;203
978;208;203
979;196;203
980;194;203
981;216;203
982;187;203
983;206;203
984;206;203
985;194;203
986;196;203
987;217;203
988;183;203
989;205;203
990;201;203
991;224;203
992;194;203
993;215;203
994;215;203
995;227;203
996;213;203
997;210;203
998;209;203
999;215;203
1000;209;203
1001;198;203
1002;202;203
1003;225;203
1004;188;203
1005;210;203
1006;213;203
1007;202;203
1008;203;203
1009;223;203
1010;191;203
1011;212;203
1012;212;203
1013;203;203
1014;199;203
1015;220;203
1016;186;203
1017;209;203
1018;211;203
1019;198;203
1020;193;203
1021;215;203
1022;181;203
1023;200;203
1024;197;203
1025;217;203
1026;183;203
1027;211;203
1028;207;203
1029;192;203
1030;191;203
1031;210;203
1032;212;203
1033;195;203
1034;194;203
1035;220;203
1036;187;203
1037;211;203
1038;213;203
1039;196;203
1040;179;203
1041;223;203
1042;184;203
1043;204;203
1044;197;203
1045;223;203
1046;218;203
1047;231;203
1048;200;203
1049;209;203
1050;205;203
1051;226;203
1052;175;203
1053;201;203
1054;231;203
1055;191;203
1056;199;203
1057;208;203
1058;187;203
1059;211;203
1060;204;203
1061;184;203
1062;193;203
1063;236;203
1064;194;203
1065;214;203
1066;215;203
1067;205;203
1068;207;203
1069;194;203
1070;193;203
1071;212;203
1072;212;203
1073;203;203
1074;204;203
1075;223;203
1076;190;203
1077;210;203
1078;216;203
1079;201;203
1080;197;203
1081;217;203
1082;184;203
1083;209;203
1084;208;203
1085;197;203
1086;201;203
1087;222;203
1088;185;203
1089;208;203
1090;208;203
1091;197;203
1092;192;203
1093;215;203
1094;182;203
1095;207;203
1096;202;203
1097;201;203
1098;217;203
1099;212;203
1100;207;203
1101;200;203
1102;198;203
1103;216;203
1104;181;203
1105;204;203
1106;205;203
1107;225;203
1108;189;203
1109;214;203
1110;211;203
1111;198;203
1112;198;203
1113;219;203
1114;186;203
1115;209;203
1116;207;203
1117;195;203
1118;192;203
1119;216;203
1120;185;203
1121;204;203
1122;205;203
1123;228;203
1124;193;203
1125;213;203
1126;218;203
1127;202;203
1128;202;203
1129;212;203
1130;190;203
1131;207;203
1132;209;203
1133;199;203
1134;201;203
1135;220;203
1136;186;203
1137;206;203
1138;208;203
1139;197;203
1140;195;203
1141;218;203
1142;182;203
1143;205;203
1144;205;203
1145;193;203
1146;193;203
1147;213;203
1148;221;203
1149;208;203
1150;206;203
1151;227;203
1152;175;203
1153;211;203
1154;213;203
1155;205;203
1156;200;203
1157;219;203
1158;184;203
1159;208;203
1160;210;203
1161;198;203
1162;194;203
1163;218;203
1164;184;203
1165;204;203
1166;207;203
1167;194;203
1168;191;203
1169;212;203
1170;183;203
1171;203;203
1172;205;203
1173;191;203
1174;191;203
1175;219;203
1176;184;203
1177;206;203
1178;203;203
1179;193;203
1180;194;203
1181;214;203
1182;185;203
1183;204;203
1184;205;203
1185;194;203
1186;195;203
1187;220;203
1188;185;203
1189;204;203
1190;206;203
1191;191;203
1192;195;203
1193;214;203
1194;214;203
1195;200;203
1196;203;203
1197;188;203
1198;177;203
1199;214;203
1200;232;203
1201;201;203
1202;200;203
1203;220;203
1204;189;203
1205;212;203
1206;211;203
1207;202;203
1208;205;203
1209;223;203
1210;192;203
1211;214;203
1212;216;203
1213;199;203
1214;199;203
1215;221;203
1216;190;203
1217;219;203
1218;198;203
1219;189;203
1220;195;203
1221;224;203
1222;193;203
1223;213;203
1224;216;203
1225;203;203
1226;202;203
1227;224;203
1228;192;203
1229;213;203
1230;215;203
1231;195;203
1232;202;203
1233;192;203
1234;191;203
1235;215;203
1236;214;203
1237;200;203
1238;202;203
1239;228;203
1240;191;203
1241;212;203
1242;213;203
1243;204;203
1244;202;203
1245;225;203
1246;190;203
1247;211;203
1248;208;203
1249;197;203
1250;203;203
1251;209;203
1252;187;203
1253;210;203
1254;212;203
1255;196;203
1256;195;203
1257;215;203
1258;183;203
1259;209;203
1260;210;203
1261;197;203
1262;197;203
1263;217;203
1264;191;203
1265;211;203
1266;211;203
1267;203;203
1268;198;203
1269;223;203
1270;192;203
1271;210;203
1272;213;203
1273;196;203
1274;202;203
1275;223;203
1276;193;203
1277;211;203
1278;212;203
1279;196;203
1280;198;203
1281;220;203
1282;187;203
1283;209;203
1284;210;203
1285;198;203
1286;201;203
1287;213;203
1288;191;203
1289;213;203
1290;211;203
1291;204;203
1292;205;203
1293;227;203
1294;192;203
1295;212;203
1296;200;203
1297;194;203
1298;184;203
1299;208;203
1300;168;203
1301;190;203
1302;208;203
1303;203;203
1304;196;203
1305;218;203
1306;188;203
1307;208;203
1308;209;203
1309;195;203
1310;200;203
1311;224;203
1312;192;203
1313;209;203
1314;213;203
1315;200;203
1316;200;203
1317;223;203
1318;189;203
1319;212;203
1320;209;203
1321;202;203
1322;199;203
1323;220;203
1324;186;203
1325;213;203
1326;211;203
1327;199;203
1328;200;203
1329;221;203
1330;189;203
1331;214;203
1332;181;203
1333;201;203
1334;203;203
1335;194;203
1336;192;203
1337;216;203
1338;183;203
1339;203;203
1340;202;203
1341;227;203
1342;192;203
1343;215;203
1344;213;203
1345;199;203
1346;199;203
1347;217;203
1348;183;203
1349;207;203
1350;206;203
1351;201;203
1352;199;203
1353;197;203
1354;202;203
1355;210;203
1356;204;203
1357;193;203
1358;192;203
1359;213;203
1360;215;203
1361;201;203
1362;203;203
1363;224;203
1364;187;203
1365;208;203
1366;210;203
1367;201;203
1368;199;203
1369;221;203
1370;185;203
1371;209;203
1372;208;203
1373;194;203
1374;193;203
1375;215;203
1376;212;203
1377;202;203
1378;202;203
1379;219;203
1380;188;203
1381;207;203
1382;210;203
1383;201;203
1384;198;203
1385;210;203
1386;186;203
1387;209;203
1388;205;203
1389;195;203
1390;197;203
1391;221;203
1392;187;203
1393;208;203
1394;209;203
1395;194;203
1396;195;203
1397;217;203
1398;180;203
1399;199;203
1400;205;203
1401;197;203
1402;195;203
1403;216;203
1404;192;203
1405;217;203
1406;206;203
1407;230;203
1408;179;203
1409;215;203
1410;211;203
1411;199;203
1412;202;203
1413;223;203
1414;189;203
1415;208;203
1416;210;203
1417;196;203
1418;197;203
1419;218;203
1420;185;203
1421;203;203
1422;207;203
1423;195;203
1424;194;203
1425;214;203
1426;215;203
1427;202;203
1428;201;203
1429;190;203
1430;191;203
1431;212;203
1432;212;203
1433;202;203
1434;202;203
1435;220;203
1436;188;203
1437;213;203
1438;211;203
1439;201;203
1440;200;203
1441;222;203
1442;189;203
1443;213;203
1444;212;203
1445;199;203
1446;200;203
1447;223;203
1448;191;203
1449;210;203
1450;215;203
1451;202;203
1452;203;203
1453;224;203
1454;195;203
1455;214;203
1456;216;203
1457;202;203
1458;205;203
1459;194;203
1460;192;203
1461;215;203
1462;182;203
1463;207;203
1464;208;203
1465;196;203
1466;195;203
1467;217;203
1468;185;203
1469;211;203
1470;212;203
1471;198;203
1472;198;203
1473;220;203
1474;187;203
1475;211;203
1476;211;203
1477;197;203
1478;197;203
1479;221;203
1480;191;203
1481;213;203
1482;211;203
1483;200;203
1484;201;203
1485;224;203
1486;191;203
1487;213;203
1488;214;203
1489;205;203
1490;206;203
1491;225;203
1492;190;203
1493;210;203
1494;213;203
1495;202;203
1496;202;203
1497;223;203
1498;190;203
1499;229;203
1500;214;203
1501;207;203
1502;204;203
1503;223;203
1504;192;203
1505;214;203
1506;185;203
1507;196;203
1508;202;203
1509;227;203
1510;195;203
1511;217;203
1512;185;203
1513;208;203
1514;206;203
1515;198;203
1516;195;203
1517;218;203
1518;188;203
1519;208;203
1520;210;203
1521;199;203
1522;202;203
1523;223;203
1524;188;203
1525;206;203
1526;207;203
1527;195;203
1528;197;203
1529;216;203
1530;185;203
1531;200;203
1532;205;203
1533;192;203
1534;194;203
1535;212;203
1536;181;203
1537;200;203
1538;204;203
1539;194;203
1540;194;203
1541;213;203
1542;183;203
1543;208;203
1544;207;203
1545;196;203
1546;194;203
1547;216;203
1548;186;203
1549;203;203
1550;213;203
1551;195;203
1552;191;203
1553;217;203
1554;182;203
1555;205;203
1556;203;203
1557;193;203
1558;190;203
1559;235;203
1560;183;203
1561;206;203
1562;208;203
1563;195;203
1564;195;203
1565;217;203
1566;185;203
1567;211;203
1568;209;203
1569;198;203
1570;197;203
1571;216;203
1572;182;203
1573;209;203
1574;208;203
1575;197;203
1576;193;203
1577;216;203
1578;180;203
1579;206;203
1580;205;203
1581;227;203
1582;191;203
1583;213;203
1584;211;203
1585;201;203
1586;204;203
1587;223;203
1588;187;203
1589;208;203
1590;211;203
1591;197;203
1592;196;203
1593;219;203
1594;183;203
1595;207;203
1596;204;203
1597;224;203
1598;191;203
1599;210;203
1600;218;203
1601;202;203
1602;197;203
1603;218;203
1604;185;203
1605;207;203
1606;204;203
1607;193;203
1608;192;203
1609;185;203
1610;233;203
1611;207;203
1612;202;203
1613;226;203
1614;189;203
1615;210;203
1616;210;203
1617;201;203
1618;202;203
1619;221;203
1620;187;203
1621;210;203
1622;211;203
1623;198;203
1624;198;203
1625;218;203
1626;185;203
1627;204;203
1628;204;203
1629;225;203
1630;192;203
1631;210;203
1632;211;203
1633;200;203
1634;198;203
1635;216;203
1636;181;203
1637;205;203
1638;206;203
1639;227;203
1640;192;203
1641;199;203
1642;207;203
1643;203;203
1644;182;203
1645;213;203
1646;179;203
1647;202;203
1648;204;203
1649;220;203
1650;207;203
1651;210;203
1652;210;203
1653;201;203
1654;200;203
1655;217;203
1656;185;203
1657;205;203
1658;206;203
1659;196;203
1660;173;203
1661;223;203
1662;216;203
1663;206;203
1664;186;203
1665;224;203
1666;184;203
1667;208;203
1668;208;203
1669;198;203
1670;196;203
1671;217;203
1672;186;203
1673;208;203
1674;211;203
1675;200;203
1676;194;203
1677;217;203
1678;184;203
1679;205;203
1680;202;203
1681;226;203
1682;192;203
1683;215;203
1684;185;203
1685;204;203
1686;203;203
1687;195;203
1688;194;203
1689;216;203
1690;186;203
1691;203;203
1692;205;203
1693;194;203
1694;197;203
1695;219;203
1696;183;203
1697;204;203
1698;209;203
1699;192;203
1700;202;203
1701;220;203
1702;184;203
1703;207;203
1704;209;203
1705;197;203
1706;193;203
1707;217;203
1708;182;203
1709;204;203
1710;206;203
1711;196;203
1712;223;203
1713;214;203
1714;214;203
1715;185;203
1716;215;203
1717;248;203
1718;217;203
1719;236;203
1720;199;203
1721;183;203
1722;184;203
1723;220;203
1724;186;203
1725;211;203
1726;208;203
1727;197;203
1728;199;203
1729;220;203
1730;190;203
1731;206;203
1732;211;203
1733;196;203
1734;199;203
1735;219;203
1736;185;203
1737;209;203
1738;210;203
1739;199;203
1740;203;203
1741;223;203
1742;191;203
1743;209;203
1744;213;203
1745;205;203
1746;203;203
1747;225;203
1748;192;203
1749;213;203
1750;222;203
1751;204;203
1752;202;203
1753;225;203
1754;193;203
1755;214;203
1756;214;203
1757;206;203
1758;205;203
1759;193;203
1760;189;203
1761;210;203
1762;212;203
1763;187;203
1764;202;203
1765;224;203
1766;187;203
1767;207;203
1768;209;203
1769;199;203
1770;197;203
1771;217;203
1772;185;203
1773;208;203
1774;210;203
1775;199;203
1776;197;203
1777;217;203
1778;189;203
1779;208;203
1780;208;203
1781;191;203
1782;195;203
1783;219;203
1784;184;203
1785;208;203
1786;206;203
1787;224;203
1788;192;203
1789;214;203
1790;183;203
1791;202;203
1792;200;203
1793;220;203
1794;189;203
1795;213;203
1796;212;203
1797;198;203
1798;202;203
1799;191;203
1800;210;203
1801;216;203
1802;213;203
1803;207;203
1804;205;203
1805;192;203
1806;192;203
1807;215;203
1808;214;203
1809;202;203
1810;203;203
1811;191;203
1812;190;203
1813;214;203
1814;204;203
1815;223;203
1816;208;203
1817;193;203
1818;194;203
1819;217;203
1820;185;203
1821;204;203
1822;204;203
1823;193;203
1824;193;203
1825;222;203
1826;187;203
1827;208;203
1828;208;203
1829;201;203
1830;201;203
1831;226;203
1832;190;203
1833;211;203
1834;214;203
1835;202;203
1836;202;203
1837;221;203
1838;186;203
1839;211;203
1840;213;203
1841;201;203
1842;199;203
1843;222;203
1844;189;203
1845;212;203
1846;213;203
1847;201;203
1848;200;203
1849;222;203
1850;187;203
1851;222;203
1852;211;203
1853;204;203
1854;204;203
1855;194;203
1856;194;203
1857;211;203
1858;182;203
1859;205;203
1860;206;203
1861;192;203
1862;193;203
1863;217;203
1864;183;203
1865;203;203
1866;225;203
1867;198;203
1868;196;203
1869;222;203
1870;184;203
1871;209;203
1872;205;203
1873;196;203
1874;197;203
1875;218;203
1876;185;203
1877;201;203
1878;205;203
1879;189;203
1880;193;203
1881;212;203
1882;214;203
1883;200;203
1884;200;203
1885;226;203
1886;191;203
1887;212;203
1888;212;203
1889;198;203
1890;201;203
1891;190;203
1892;193;203
1893;213;203
1894;211;203
1895;201;203
1896;204;203
1897;183;203
1898;194;203
1899;211;203
1900;209;203
1901;205;203
1902;205;203
1903;228;203
1904;192;203
1905;213;203
1906;215;203
1907;209;203
1908;205;203
1909;222;203
1910;188;203
1911;213;203
1912;214;203
1913;206;203
1914;204;203
1915;224;203
1916;189;203
1917;227;203
1918;183;203
1919;209;203
1920;189;203
1921;197;203
1922;196;203
1923;222;203
1924;186;203
1925;208;203
1926;209;203
1927;199;203
1928;198;203
1929;221;203
1930;188;203
1931;208;203
1932;213;203
1933;199;203
1934;202;203
1935;225;203
1936;190;203
1937;214;203
1938;215;203
1939;202;203
1940;204;203
1941;226;203
1942;191;203
1943;214;203
1944;216;203
1945;199;203
1946;199;203
1947;221;203
1948;186;203
1949;207;203
1950;211;203
1951;192;203
1952;200;203
1953;223;203
1954;188;203
1955;211;203
1956;213;203
1957;204;203
1958;200;203
1959;224;203
1960;191;203
1961;215;203
1962;216;203
1963;202;203
1964;203;203
1965;226;203
1966;196;203
1967;216;203
1968;223;203
1969;207;203
1970;208;203
1971;198;203
1972;199;203
1973;220;203
1974;184;203
1975;208;203
1976;212;203
1977;195;203
1978;196;203
1979;220;203
1980;187;203
1981;211;203
1982;209;203
1983;195;203
1984;194;203
1985;219;203
1986;190;203
1987;209;203
1988;208;203
1989;200;203
1990;200;203
1991;222;203
1992;189;203
1993;209;203
1994;214;203
1995;202;203
1996;204;203
1997;222;203
1998;188;203
1999;195;203
2000;214;203
2001;200;203
2002;205;203
2003;228;203
2004;193;203
2005;216;203
2006;187;203
2007;206;203
2008;205;203
2009;195;203
2010;197;203
2011;220;203
2012;187;203
2013;208;203
2014;209;203
2015;199;203
2016;198;203
2017;220;203
2018;187;203
2019;208;203
2020;210;203
2021;205;203
2022;201;203
2023;229;203
2024;189;203
2025;230;203
2026;212;203
2027;214;203
2028;223;203
2029;198;203
2030;194;203
2031;215;203
2032;169;203
2033;207;203
2034;190;203
2035;192;203
2036;210;203
2037;202;203
2038;171;203
2039;190;203
2040;191;203
2041;194;203
2042;199;203
2043;225;203
2044;171;203
2045;211;203
2046;201;203
2047;186;203
2048;195;203
2049;219;203
2050;217;203
2051;224;203
2052;243;203
2053;187;203
2054;198;203
2055;227;203
2056;193;203
2057;220;203
2058;189;203
2059;206;203
2060;210;203
2061;200;203
2062;204;203
2063;224;203
2064;190;203
2065;209;203
2066;213;203
2067;203;203
2068;205;203
2069;226;203
2070;192;203
2071;235;203
2072;179;203
2073;209;203
2074;209;203
2075;199;203
2076;200;203
2077;226;203
2078;187;203
2079;212;203
2080;213;203
2081;205;203
2082;206;203
2083;228;203
2084;194;203
2085;219;203
2086;186;203
2087;208;203
2088;205;203
2089;195;203
2090;195;203
2091;221;203
2092;187;203
2093;212;203
2094;207;203
2095;199;203
2096;200;203
2097;221;203
2098;188;203
2099;209;203
2100;210;203
2101;202;203
2102;207;203
2103;228;203
2104;194;203
2105;215;203
2106;216;203
2107;208;203
2108;203;203
2109;225;203
2110;194;203
2111;217;203
2112;185;203
2113;209;203
2114;209;203
2115;196;203
2116;198;203
2117;221;203
2118;186;203
2119;207;203
2120;209;203
2121;180;203
2122;195;203
2123;235;203
2124;202;203
2125;191;203
2126;196;203
2127;196;203
2128;204;203
2129;225;203
2130;189;203
2131;212;203
2132;183;203
2133;205;203
2134;206;203
2135;194;203
2136;197;203
2137;218;203
2138;185;203
2139;204;203
2140;206;203
2141;195;203
2142;198;203
2143;219;203
2144;188;203
2145;207;203
2146;213;203
2147;201;203
2148;201;203
2149;223;203
2150;188;203
2151;208;203
2152;224;203
2153;205;203
2154;205;203
2155;222;203
2156;194;203
2157;216;203
2158;185;203
2159;208;203
2160;209;203
2161;194;203
2162;197;203
2163;219;203
2164;185;203
2165;208;203
2166;212;203
2167;199;203
2168;201;203
2169;224;203
2170;188;203
2171;212;203
2172;217;203
2173;204;203
2174;202;203
2175;222;203
2176;176;203
2177;215;203
2178;212;203
2179;205;203
2180;204;203
2181;225;203
2182;195;203
2183;219;203
2184;185;203
2185;206;203
2186;207;203
2187;196;203
2188;196;203
2189;220;203
2190;189;203
2191;205;203
2192;210;203
2193;201;203
2194;203;203
2195;223;203
2196;187;203
2197;210;203
2198;212;203
2199;198;203
2200;198;203
2201;217;203
2202;197;203
2203;215;203
2204;212;203
2205;198;203
2206;199;203
2207;223;203
2208;188;203
2209;214;203
2210;209;203
2211;194;203
2212;198;203
2213;217;203
2214;184;203
2215;206;203
2216;206;203
2217;227;203
2218;197;203
2219;216;203
2220;218;203
2221;204;203
2222;203;203
2223;225;203
2224;193;203
2225;223;203
2226;213;203
2227;204;203
2228;200;203
2229;222;203
2230;190;203
2231;211;203
2232;211;203
2233;198;203
2234;197;203
2235;218;203
2236;187;203
2237;206;203
2238;206;203
2239;191;203
2240;192;203
2241;216;203
2242;184;203
2243;200;203
2244;201;203
2245;225;203
2246;193;203
2247;214;203
2248;210;203
2249;198;203
2250;201;203
2251;219;203
2252;198;203
2253;213;203
2254;211;203
2255;200;203
2256;207;203
2257;192;203
2258;194;203
2259;213;203
2260;183;203
2261;208;203
2262;207;203
2263;196;203
2264;194;203
2265;216;203
2266;183;203
2267;205;203
2268;206;203
2269;192;203
2270;194;203
2271;215;203
2272;185;203
2273;208;203
2274;205;203
2275;192;203
2276;197;203
2277;219;203
2278;167;203
2279;210;203
2280;203;203
2281;194;203
2282;195;203
2283;214;203
2284;181;203
2285;203;203
2286;203;203
2287;191;203
2288;194;203
2289;214;203
2290;212;203
2291;201;203
2292;200;203
2293;226;203
2294;189;203
2295;208;203
2296;209;203
2297;200;203
2298;199;203
2299;220;203
2300;185;203
2301;209;203
2302;217;203
2303;206;203
2304;200;203
2305;218;203
2306;190;203
2307;212;203
2308;213;203
2309;197;203
2310;202;203
2311;192;203
2312;195;203
2313;217;203
2314;184;203
2315;205;203
2316;206;203
2317;198;203
2318;199;203
2319;219;203
2320;184;203
2321;208;203
2322;213;203
2323;204;203
2324;201;203
2325;222;203
2326;200;203
2327;231;203
2328;214;203
2329;191;203
2330;199;203
2331;223;203
2332;190;203
2333;215;203
2334;183;203
2335;206;203
2336;206;203
2337;192;203
2338;194;203
2339;220;203
2340;189;203
2341;208;203
2342;212;203
2343;199;203
2344;200;203
2345;223;203
2346;190;203
2347;208;203
2348;212;203
2349;204;203
2350;202;203
2351;190;203
2352;203;203
2353;221;203
2354;188;203
2355;210;203
2356;209;203
2357;199;203
2358;200;203
2359;226;203
2360;193;203
2361;214;203
2362;216;203
2363;203;203
2364;209;203
2365;198;203
2366;197;203
2367;218;203
2368;189;203
2369;211;203
2370;213;203
2371;202;203
2372;201;203
2373;222;203
2374;191;203
2375;217;203
2376;214;203
2377;201;203
2378;205;203
2379;193;203
2380;206;203
2381;221;203
2382;184;203
2383;210;203
2384;210;203
2385;198;203
2386;199;203
2387;221;203
2388;190;203
2389;215;203
2390;181;203
2391;205;203
2392;205;203
2393;196;203
2394;198;203
2395;221;203
2396;189;203
2397;208;203
2398;211;203
2399;202;203
2400;200;203
2401;217;203
2402;184;203
2403;219;203
2404;212;203
2405;201;203
2406;201;203
2407;223;203
2408;191;203
2409;216;203
2410;181;203
2411;202;203
2412;210;203
2413;199;203
2414;194;203
2415;221;203
2416;186;203
2417;207;203
2418;209;203
2419;195;203
2420;196;203
2421;215;203
2422;184;203
2423;204;203
2424;204;203
2425;225;203
2426;197;203
2427;214;203
2428;194;203
2429;215;203
2430;200;203
2431;227;203
2432;175;203
2433;207;203
2434;211;203
2435;197;203
2436;199;203
2437;219;203
2438;189;203
2439;207;203
2440;208;203
2441;195;203
2442;197;203
2443;218;203
2444;184;203
2445;204;203
2446;207;203
2447;194;203
2448;197;203
2449;219;203
2450;182;203
2451;201;203
2452;203;203
2453;212;203
2454;198;203
2455;219;203
2456;184;203
2457;209;203
2458;210;203
2459;196;203
2460;199;203
2461;222;203
2462;189;203
2463;213;203
2464;213;203
2465;199;203
2466;199;203
2467;221;203
2468;192;203
2469;211;203
2470;213;203
2471;201;203
2472;201;203
2473;225;203
2474;192;203
2475;214;203
2476;216;203
2477;200;203
2478;202;203
2479;193;203
2480;196;203
2481;218;203
2482;215;203
2483;189;203
2484;226;203
2485;229;203
2486;190;203
2487;211;203
2488;209;203
2489;185;203
2490;202;203
2491;221;203
2492;185;203
2493;210;203
2494;213;203
2495;197;203
2496;198;203
2497;217;203
2498;185;203
2499;208;203
2500;206;203
2501;192;203
2502;194;203
2503;218;203
2504;219;203
2505;205;203
2506;204;203
2507;224;203
2508;194;203
2509;216;203
2510;184;203
2511;207;203
2512;203;203
2513;220;203
2514;193;203
2515;214;203
2516;213;203
2517;199;203
2518;197;203
2519;217;203
2520;188;203
2521;209;203
2522;206;203
2523;195;203
2524;196;203
2525;218;203
2526;187;203
2527;205;203
2528;207;203
2529;190;203
2530;195;203
2531;206;203
2532;178;203
2533;205;203
2534;200;203
2535;230;203
2536;193;203
2537;212;203
2538;210;203
2539;199;203
2540;199;203
2541;222;203
2542;190;203
2543;216;203
2544;210;203
2545;195;203
2546;198;203
2547;220;203
2548;186;203
2549;207;203
2550;204;203
2551;197;203
2552;198;203
2553;224;203
2554;184;203
2555;208;203
2556;204;203
2557;196;203
2558;195;203
2559;217;203
2560;218;203
2561;203;203
2562;203;203
2563;196;203
2564;192;203
2565;211;203
2566;215;203
2567;203;203
2568;204;203
2569;195;203
2570;192;203
2571;212;203
2572;212;203
2573;203;203
2574;202;203
2575;218;203
2576;187;203
2577;205;203
2578;208;203
2579;199;203
2580;198;203
2581;218;203
2582;201;203
2583;231;203
2584;206;203
2585;200;203
2586;198;203
2587;220;203
2588;191;203
2589;211;203
2590;209;203
2591;195;203
2592;192;203
2593;218;203
2594;185;203
2595;204;203
2596;199;203
2597;224;203
2598;189;203
2599;212;203
2600;210;203
2601;201;203
2602;199;203
2603;226;203
2604;189;203
2605;215;203
2606;210;203
2607;200;203
2608;200;203
2609;220;203
2610;188;203
2611;207;203
2612;206;203
2613;194;203
2614;200;203
2615;221;203
2616;184;203
2617;205;203
2618;205;203
2619;196;203
2620;196;203
2621;216;203
2622;182;203
2623;204;203
2624;206;203
2625;193;203
2626;193;203
2627;212;203
2628;212;203
2629;202;203
2630;204;203
2631;225;203
2632;188;203
2633;197;203
2634;230;203
2635;186;203
2636;199;203
2637;218;203
2638;185;203
2639;211;203
2640;208;203
2641;194;203
2642;193;203
2643;218;203
2644;187;203
2645;206;203
2646;207;203
2647;225;203
2648;191;203
2649;212;203
2650;212;203
2651;200;203
2652;202;203
2653;237;203
2654;189;203
2655;213;203
2656;209;203
2657;194;203
2658;196;203
2659;214;203
2660;216;203
2661;204;203
2662;204;203
2663;223;203
2664;190;203
2665;202;203
2666;209;203
2667;202;203
2668;201;203
2669;215;203
2670;215;203
2671;202;203
2672;203;203
2673;222;203
2674;190;203
2675;209;203
2676;204;203
2677;193;203
2678;197;203
2679;216;203
2680;217;203
2681;200;203
2682;199;203
2683;223;203
2684;192;203
2685;216;203
2686;210;203
2687;193;203
2688;178;203
2689;223;203
2690;185;203
2691;206;203
2692;202;203
2693;193;203
2694;191;203
2695;217;203
2696;214;203
2697;201;203
2698;203;203
2699;221;203
2700;189;203
2701;208;203
2702;206;203
2703;191;203
2704;216;203
2705;222;203
2706;185;203
2707;209;203
2708;204;203
2709;197;203
2710;195;203
2711;218;203
2712;182;203
2713;206;203
2714;210;203
2715;193;203
2716;198;203
2717;217;203
2718;186;203
2719;208;203
2720;210;203
2721;195;203
2722;192;203
2723;216;203
2724;183;203
2725;204;203
2726;205;203
2727;223;203
2728;192;203
2729;217;203
2730;181;203
2731;202;203
2732;204;203
2733;224;203
2734;193;203
2735;213;203
2736;202;203
2737;189;203
2738;201;203
2739;217;203
2740;192;203
2741;216;203
2742;181;203
2743;204;203
2744;205;203
2745;195;203
2746;196;203
2747;219;203
2748;182;203
2749;205;203
2750;209;203
2751;196;203
2752;195;203
2753;215;203
2754;200;203
2755;213;203
2756;207;203
2757;194;203
2758;198;203
2759;217;203
2760;187;203
2761;210;203
2762;207;203
2763;195;203
2764;197;203
2765;219;203
2766;185;203
2767;185;203
2768;202;203
2769;195;203
2770;195;203
2771;215;203
2772;210;203
2773;202;203
2774;199;203
2775;222;203
2776;185;203
2777;205;203
2778;207;203
2779;194;203
2780;193;203
2781;212;203
2782;212;203
2783;200;203
2784;200;203
2785;221;203
2786;187;203
2787;211;203
2788;218;203
2789;197;203
2790;191;203
2791;216;203
2792;185;203
2793;211;203
2794;210;203
2795;197;203
2796;196;203
2797;217;203
2798;184;203
2799;207;203
2800;208;203
2801;196;203
2802;195;203
2803;214;203
2804;199;203
2805;211;203
2806;209;203
2807;197;203
2808;200;203
2809;217;203
2810;187;203
2811;208;203
2812;211;203
2813;199;203
2814;199;203
2815;221;203
2816;191;203
2817;215;203
2818;214;203
2819;218;203
2820;202;203
2821;227;203
2822;191;203
2823;214;203
2824;213;203
2825;201;203
2826;203;203
2827;196;203
2828;195;203
2829;214;203
2830;215;203
2831;204;203
2832;189;203
2833;185;203
2834;193;203
2835;212;203
2836;216;203
2837;205;203
2838;207;203
2839;210;203
2840;185;203
2841;213;203
2842;184;203
2843;205;203
2844;204;203
2845;223;203
2846;191;203
2847;210;203
2848;209;203
2849;197;203
2850;196;203
2851;217;203
2852;183;203
2853;203;203
2854;222;203
2855;196;203
2856;193;203
2857;211;203
2858;213;203
2859;202;203
2860;202;203
2861;225;203
2862;188;203
2863;209;203
2864;213;203
2865;203;203
2866;201;203
2867;219;203
2868;187;203
2869;207;203
2870;211;203
2871;196;203
2872;192;203
2873;214;203
2874;181;203
2875;205;203
2876;203;203
2877;224;203
2878;192;203
2879;213;203
2880;211;203
2881;201;203
2882;198;203
2883;220;203
2884;188;203
2885;212;203
2886;212;203
2887;198;203
2888;198;203
2889;217;203
2890;202;203
2891;194;203
2892;209;203
2893;195;203
2894;197;203
2895;217;203
2896;187;203
2897;207;203
2898;208;203
2899;195;203
2900;195;203
2901;218;203
2902;185;203
2903;203;203
2904;225;203
2905;197;203
2906;193;203
2907;217;203
2908;184;203
2909;205;203
2910;202;203
2911;222;203
2912;189;203
2913;211;203
2914;213;203
2915;196;203
2916;195;203
2917;214;203
2918;181;203
2919;206;203
2920;202;203
2921;216;203
2922;190;203
2923;209;203
2924;212;203
2925;199;203
2926;199;203
2927;219;203
2928;184;203
2929;208;203
2930;210;203
2931;198;203
2932;194;203
2933;214;203
2934;217;203
2935;206;203
2936;201;203
2937;223;203
2938;192;203
2939;211;203
2940;201;203
2941;206;203
2942;193;203
2943;222;203
2944;168;203
2945;206;203
2946;201;203
2947;226;203
2948;191;203
2949;216;203
2950;214;203
2951;203;203
2952;202;203
2953;218;203
2954;210;203
2955;214;203
2956;209;203
2957;196;203
2958;197;203
2959;221;203
2960;187;203
2961;207;203
2962;207;203
2963;194;203
2964;193;203
2965;218;203
2966;181;203
2967;205;203
2968;203;203
2969;224;203
2970;190;203
2971;208;203
2972;213;203
2973;200;203
2974;195;203
2975;219;203
2976;183;203
2977;208;203
2978;207;203
2979;197;203
2980;191;203
2981;215;203
2982;179;203
2983;204;203
2984;199;203
2985;219;203
2986;186;203
2987;207;203
2988;209;203
2989;198;203
2990;196;203
2991;215;203
2992;207;203
2993;214;203
2994;203;203
2995;192;203
2996;193;203
2997;211;203
2998;211;203
2999;198;203
3000;200;203
